model,family,input_window,output_window,mae_train,mae_val,mae_test,directional_accuracy_test,n_params,n_train_samples,epochs_run,best_epoch,hit_epoch_limit,seconds,seed,best_baseline,dm_statistic,dm_p_value,params_to_samples,exceeds_param_rule
buy_and_hold,baseline,5,1,0.016712751302991737,0.013064742611004224,0.01784677147757274,0.496281125363803,0,13117,,,False,0.0,,historical_mean,27.914992471162314,2.5236945107281375e-140,0.0,False
zero_return,baseline,5,1,0.011823310933973787,0.009029148451958019,0.01229639485038011,0.0,0,13117,,,False,0.0,,historical_mean,2.4610763356200303,0.013955777067609842,0.0,False
window_mean,baseline,5,1,0.013235297794667342,0.010086835563909791,0.013656453720477786,0.5016707987495957,0,13117,,,False,0.0,,historical_mean,15.418525822699062,3.756686272501066e-50,0.0,False
historical_mean,baseline,5,1,0.011846923923296847,0.00901336502440245,0.012283533100510795,0.5245230139053574,23,13117,,,False,0.0,,historical_mean,0.0,1.0,0.0017534497217351528,False
linear_regression,baseline,5,1,0.011817998092866315,0.009124266481096856,0.0124403835167935,0.5113452624770939,2668,13117,,,False,0.0,,historical_mean,6.477622472632421,1.232785347408806e-10,0.20340016772127772,True
mlp_small,dense,5,1,0.011738978352678607,0.009090275714159867,0.012424354500696056,0.5051740864503611,4471,13117,35.0,11.0,False,10.9,42.0,historical_mean,5.472220067491014,5.142056839022083e-08,0.34085537851642905,True
mlp_deep,dense,5,1,0.011780364300779247,0.009011255998759366,0.012296336432949195,0.5061711760267328,10263,13117,42.0,17.0,False,15.4,42.0,historical_mean,0.7525965904790688,0.45180177591267534,0.7824197606159945,True
lstm,recurrent,5,1,0.011824511089573147,0.009058218424421463,0.012311303040740273,0.5083539937479788,7927,13117,28.0,4.0,False,14.7,42.0,historical_mean,3.244771722853933,0.0011994325770293723,0.6043302584432416,True
gru,recurrent,5,1,0.011810351954656613,0.009070650794945533,0.012340554492035485,0.5082192519133341,6231,13117,30.0,6.0,False,17.0,42.0,historical_mean,5.159015656648312,2.7885127026159706e-07,0.47503240070137986,True
cnn,convolutional,5,1,0.011795445325832,0.009053912703002468,0.012360827455504448,0.5036380295354101,3095,13117,45.0,21.0,False,21.0,42.0,historical_mean,5.077497737163743,4.2662526898366136e-07,0.23595334299001297,True
cnn_deep,convolutional,5,1,0.011798400264928293,0.009016230388909346,0.012317652842102306,0.5074108009054651,9815,13117,35.0,10.0,False,21.0,42.0,historical_mean,2.934795763864915,0.0033846996264700227,0.7482656095143707,True
conv_gru,mixed,5,1,0.011754547986844364,0.009018131414126315,0.012320095326687841,0.5025061981243937,10487,13117,36.0,13.0,False,23.9,42.0,historical_mean,2.0106114052268294,0.0445320633572646,0.7994968361668064,True
multibranch,mixed,5,1,0.011727957697066306,0.009016237787990095,0.012343713977196556,0.5023175595558909,10471,13117,36.0,11.0,False,23.2,42.0,historical_mean,2.884099652183221,0.0039772447095482825,0.7982770450560341,True
buy_and_hold,baseline,5,5,0.013256492825823063,0.010121341673474605,0.013703691934392609,0.4980113941739224,0,13113,,,False,0.0,,historical_mean,27.060680022404437,2.314010803823e-133,0.0,False
zero_return,baseline,5,5,0.005481358080448726,0.004164378394546777,0.0056198183084696565,0.0,0,13113,,,False,0.0,,historical_mean,2.3238847335424113,0.02025492139495734,0.0,False
window_mean,baseline,5,5,0.008007877761275284,0.00605379158644544,0.00806259973778801,0.49959690422444375,0,13113,,,False,0.0,,historical_mean,18.28804595352818,4.566531577670501e-68,0.0,False
historical_mean,baseline,5,5,0.005472551430318748,0.0041345073361864,0.005598819806145169,0.541733849295926,23,13113,,,False,0.0,,historical_mean,0.0,1.0,0.00175398459543964,False
linear_regression,baseline,5,5,0.0054400481845340585,0.004178950894769693,0.005646753778003243,0.5208803611738149,2668,13113,,,False,0.0,,historical_mean,4.315592511703396,1.688098418103203e-05,0.20346221307099824,True
mlp_small,dense,5,5,0.00542902438767419,0.004180178218854778,0.0056551049292511285,0.5180855637966247,4471,13113,33.0,8.0,False,10.2,42.0,historical_mean,5.171291952140522,2.614154481560824e-07,0.3409593533135057,True
mlp_deep,dense,5,5,0.005471493027870872,0.0041380256167749385,0.005598839446954304,0.540228958400516,10263,13113,27.0,12.0,False,10.8,42.0,historical_mean,0.016004549951884738,0.9872327337867146,0.7826584305650881,True
lstm,recurrent,5,5,0.0054531010763633715,0.004151904758198739,0.005615587985892614,0.5230033322584112,7927,13113,27.0,2.0,False,14.0,42.0,historical_mean,2.2129735112049693,0.02703850921562977,0.604514603828262,True
gru,recurrent,5,5,0.005445840032133795,0.00416145208173991,0.005627373705729786,0.5257443835321939,6231,13113,28.0,4.0,False,16.1,42.0,historical_mean,3.2407298362197334,0.0012164557422342757,0.475177304964539,True
cnn,convolutional,5,5,0.0054418478766425585,0.004169992088457201,0.005651903327235181,0.5161238310222509,3095,13113,34.0,11.0,False,15.4,42.0,historical_mean,4.569725777891617,5.253785404957822e-06,0.23602531838633417,True
cnn_deep,convolutional,5,5,0.005449818254209894,0.004136783764789063,0.00560601036687278,0.5288347844781254,9815,13113,31.0,6.0,False,17.5,42.0,historical_mean,0.8610833298238393,0.38931965446612893,0.7484938610539159,True
conv_gru,mixed,5,5,0.005469611308918824,0.004137917961457049,0.0055994547669269285,0.5386434483499947,10487,13113,26.0,1.0,False,16.8,42.0,historical_mean,0.577802222579466,0.5634780035914011,0.7997407153206741,True
multibranch,mixed,5,5,0.005468263293231194,0.004142977546089218,0.0056030712164852805,0.5363592389551758,10471,13113,27.0,2.0,False,19.2,42.0,historical_mean,2.0702540880774594,0.03858678076970573,0.7985205521238465,True
buy_and_hold,baseline,5,30,0.012127889431072897,0.009257825968607272,0.012533596577127612,0.49576396546623275,0,13094,,,False,0.0,,historical_mean,13.771769255326028,6.968715499880722e-41,0.0,False
zero_return,baseline,5,30,0.002247811452763558,0.0017444755857409589,0.002356073745652805,0.0,0,13094,,,False,0.0,,historical_mean,1.824064849892479,0.0683268666144583,0.0,False
window_mean,baseline,5,30,0.005987978736199377,0.004587674552758265,0.006171072880157839,0.49818455662838546,0,13094,,,False,0.0,,historical_mean,12.707629934328201,2.474473951580521e-35,0.0,False
historical_mean,baseline,5,30,0.002203846718456952,0.0017034392283885205,0.0023211252885426757,0.575401414701057,23,13094,,,False,0.0,,historical_mean,0.0,1.0,0.0017565297082633266,False
linear_regression,baseline,5,30,0.0021916500942631596,0.0017149548255392458,0.002339828366133776,0.5583765901939163,2668,13094,,,False,0.0,,historical_mean,2.9049480507220773,0.0037230905800460096,0.2037574461585459,True
mlp_small,dense,5,30,0.0021842954791424867,0.0017137653455742657,0.0023469878639056445,0.5591834539146339,4471,13094,33.0,9.0,False,10.6,42.0,historical_mean,3.381391778711956,0.0007383940682780883,0.3414541011150145,True
mlp_deep,dense,5,30,0.00220150623281703,0.00170229552499174,0.0023217301944614085,0.5747290282671257,10263,13094,27.0,13.0,False,10.3,42.0,historical_mean,0.13923328719451122,0.8892831543911228,0.7837941041698487,True
lstm,recurrent,5,30,0.0021836946815282123,0.0017094140112085103,0.002335024320514811,0.5669562410908797,7927,13094,28.0,3.0,False,15.4,42.0,historical_mean,1.6989846391222663,0.08951455353165069,0.6053917824957996,True
gru,recurrent,5,30,0.0021817404127830275,0.0017097600264407151,0.002339227760323911,0.5670369274629515,6231,13094,29.0,4.0,False,16.5,42.0,historical_mean,2.2446613610003054,0.024924699191500754,0.4758668092255995,True
cnn,convolutional,5,30,0.0021798230689555782,0.0017134029082842466,0.002349085712378894,0.555364298969904,3095,13094,34.0,9.0,False,16.1,42.0,historical_mean,3.2249927458144776,0.0012849324187276525,0.23636780204673896,True
cnn_deep,convolutional,5,30,0.0021893738707891683,0.0017028577922506328,0.0023271419869475393,0.5711788278959684,9815,13094,31.0,6.0,False,18.5,42.0,historical_mean,1.032009565849086,0.30222205924449036,0.7495799602871545,True
conv_gru,mixed,5,30,0.0022003393006391793,0.0017045964554451539,0.0023201658146641303,0.5751324601274844,10487,13094,26.0,1.0,False,16.9,42.0,historical_mean,-0.32116059896733434,0.7481302189837524,0.8009011761111959,True
multibranch,mixed,5,30,0.0022000777560502328,0.0017043935431189587,0.002321330574962079,0.5734918372286921,10471,13094,27.0,3.0,False,17.8,42.0,historical_mean,0.049865099656832196,0.9602360513914001,0.7996792424010998,True
buy_and_hold,baseline,5,90,0.01197343767328848,0.008960331592743523,0.012226012663017575,0.5002833778641406,0,13045,,,False,0.0,,historical_mean,10.623730114894919,1.582695059248588e-25,0.0,False
zero_return,baseline,5,90,0.001338161277964033,0.0009856276734413428,0.0013258779188293499,0.0,0,13045,,,False,0.0,,historical_mean,1.7576815473017633,0.07899173093427594,0.0,False
window_mean,baseline,5,90,0.005660357113089645,0.004222923288483942,0.00576377896533243,0.4964780179742531,0,13045,,,False,0.0,,historical_mean,10.689181661720756,8.203445474825013e-26,0.0,False
historical_mean,baseline,5,90,0.0012672326379313556,0.0009243718787216577,0.00126855664939354,0.6322564974495992,23,13045,,,False,0.0,,historical_mean,0.0,1.0,0.0017631276351092373,False
linear_regression,baseline,5,90,0.0012622953617637475,0.0009307871107726614,0.001277002068173095,0.6248886729819448,2668,13045,,,False,0.0,,historical_mean,2.0083835954569005,0.04476927988376098,0.20452280567267153,True
mlp_small,dense,5,90,0.00125959590350048,0.0009383777243122795,0.001283134311651544,0.6194370226432407,4471,13045,31.0,6.0,False,9.6,42.0,historical_mean,1.7934736442281027,0.0730848345946757,0.3427366807205826,True
mlp_deep,dense,5,90,0.0012647247630667429,0.0009248613949531706,0.00126719797828449,0.6318516719293984,10263,13045,27.0,2.0,False,10.3,42.0,historical_mean,-0.2558828939867185,0.7980739514294122,0.7867382138750479,True
lstm,recurrent,5,90,0.0012581516879878187,0.0009310448809185595,0.001274617587350463,0.6301244163765417,7927,13045,27.0,2.0,False,14.0,42.0,historical_mean,0.8219319128924881,0.4112373505742649,0.6076657723265619,True
gru,recurrent,5,90,0.001256320396964714,0.0009342941057096655,0.0012799848974710658,0.6256983240223464,6231,13045,28.0,3.0,False,15.8,42.0,historical_mean,1.581080223558036,0.11405611584819816,0.47765427366807206,True
cnn,convolutional,5,90,0.0012517774193597183,0.0009371240962768202,0.0012891051007041395,0.6133916282082422,3095,13045,32.0,7.0,False,14.8,42.0,historical_mean,2.189026434865445,0.02873809238017599,0.23725565350709085,True
cnn_deep,convolutional,5,90,0.0012512727872500428,0.0009298300994906142,0.0012789678108443931,0.6256983240223464,9815,13045,31.0,6.0,False,17.6,42.0,historical_mean,1.2989226279195416,0.19415647590271598,0.7523955538520506,True
conv_gru,mixed,5,90,0.0012644788725378238,0.0009268286756501171,0.0012673747820206415,0.6322834858176126,10487,13045,26.0,1.0,False,17.5,42.0,historical_mean,-0.28629146138948147,0.7746917307195899,0.8039095438865466,True
multibranch,mixed,5,90,0.0012665285149328638,0.0009263288503955151,0.001268872479552752,0.6306641837368094,10471,13045,26.0,2.0,False,18.8,42.0,historical_mean,0.10232826858761475,0.9185088608181262,0.8026830203142966,True
buy_and_hold,baseline,10,1,0.016713757257505218,0.013061690864956446,0.01785035655821048,0.49626533638937576,0,13113,,,False,0.0,,historical_mean,27.903022042147054,3.272811565350181e-140,0.0,False
zero_return,baseline,10,1,0.01182377544523429,0.009028296239817497,0.012298864962933411,0.0,0,13113,,,False,0.0,,historical_mean,2.4296837477837814,0.015220186810023692,0.0,False
window_mean,baseline,10,1,0.012598748494107264,0.009629314686822292,0.012994026688471022,0.500364028582985,0,13113,,,False,0.0,,historical_mean,11.442440947607414,3.294847363214917e-29,0.0,False
historical_mean,baseline,10,1,0.011847398618210237,0.00901258810304714,0.012286129007217813,0.5243629499797762,23,13113,,,False,0.0,,historical_mean,0.0,1.0,0.00175398459543964,False
linear_regression,baseline,10,1,0.011793243792623767,0.009236784752949364,0.012613699417631238,0.5038694890117298,5313,13113,,,False,0.0,,historical_mean,9.990613960580431,7.573490336749066e-23,0.40517044154655685,True
mlp_small,dense,10,1,0.011709102212952264,0.009146801030521236,0.012521605148579763,0.5021437238775786,8151,13113,32.0,8.0,False,10.2,42.0,historical_mean,9.42402120364759,1.4449388358646008e-20,0.6215968885838481,True
mlp_deep,dense,10,1,0.011829864235529152,0.009024955896672768,0.012301116903930725,0.5093973304570582,17623,13113,27.0,2.0,False,10.7,42.0,historical_mean,3.4197251422649257,0.0006424182905091487,1.343933501105773,True
lstm,recurrent,10,1,0.011823655564632468,0.009054846217897851,0.012312618637052672,0.5083996224888769,7927,13113,28.0,4.0,False,18.1,42.0,historical_mean,2.9992375229863506,0.00274787963317422,0.604514603828262,True
gru,recurrent,10,1,0.011791840969071857,0.009066392081956427,0.012344074723693562,0.5127949305649184,6231,13113,32.0,7.0,False,22.4,42.0,historical_mean,4.709756126747518,2.692162143039287e-06,0.475177304964539,True
cnn,convolutional,10,1,0.011827512851389716,0.00905960201314611,0.012357315113237278,0.5069165430767156,3095,13113,38.0,16.0,False,18.7,42.0,historical_mean,4.931818351011533,8.984213036830486e-07,0.23602531838633417,True
cnn_deep,convolutional,10,1,0.011820260019436438,0.00903427655247193,0.01231650347185628,0.5064311716327357,9815,13113,30.0,5.0,False,18.9,42.0,historical_mean,4.313189567402839,1.7064081305849194e-05,0.7484938610539159,True
conv_gru,mixed,10,1,0.011825878858129187,0.009025774359544035,0.012296211307948581,0.498934879331266,10487,13113,26.0,9.0,False,19.9,42.0,historical_mean,2.157653783835311,0.031101542684484448,0.7997407153206741,True
multibranch,mixed,10,1,0.011823440865644453,0.009031095667537029,0.012299285826130546,0.5083726574086558,12311,13113,27.0,2.0,False,21.1,42.0,historical_mean,2.6186115556069933,0.00891127158006064,0.9388393197590178,True
buy_and_hold,baseline,10,5,0.013256238787847272,0.010123855660442795,0.013707730293212674,0.49791605044502407,0,13110,,,False,0.0,,historical_mean,27.05878647713204,2.472605931432669e-133,0.0,False
zero_return,baseline,10,5,0.005481688335217056,0.00416424760221642,0.005621062853733353,0.0,0,13110,,,False,0.0,,historical_mean,2.319277958419904,0.020503956362472507,0.0,False
window_mean,baseline,10,5,0.00685493979219015,0.005276961066626627,0.006931576688690576,0.5017612734948507,0,13110,,,False,0.0,,historical_mean,12.879070149156643,3.321283445344681e-36,0.0,False
historical_mean,baseline,10,5,0.0054728033397189926,0.004134592497875512,0.005600023981312196,0.5417999946220656,23,13110,,,False,0.0,,historical_mean,0.0,1.0,0.0017543859649122807,False
linear_regression,baseline,10,5,0.005417240039488137,0.004210087623154341,0.005720519132837725,0.5115222243136411,5313,13110,,,False,0.0,,historical_mean,7.0562594361208895,2.5272870205356114e-12,0.4052631578947368,True
mlp_small,dense,10,5,0.005384778636634451,0.004188469140318138,0.005705504721156152,0.5098281749979833,8151,13110,32.0,7.0,False,9.8,42.0,historical_mean,7.619855460958502,4.29845675055735e-14,0.6217391304347826,True
mlp_deep,dense,10,5,0.005470882216469948,0.0041383685454689095,0.005602431997734171,0.5402403936647934,17623,13110,27.0,3.0,False,10.6,42.0,historical_mean,1.652636215474751,0.09859893590453792,1.3442410373760487,True
lstm,recurrent,10,5,0.0054451277189595595,0.004159305223995828,0.0056214783706803,0.5230578934631208,7927,13110,27.0,2.0,False,17.0,42.0,historical_mean,2.2803134218058068,0.022718679062593238,0.60465293668955,True
gru,recurrent,10,5,0.005441785629164613,0.004165494185892106,0.0056311199285211085,0.5250746188389039,6231,13110,28.0,3.0,False,19.6,42.0,historical_mean,3.2426661958077014,0.0012082877048168654,0.47528604118993134,True
cnn,convolutional,10,5,0.005415578970539116,0.0041805101081634115,0.005690013193355745,0.5116566726720266,3095,13110,32.0,7.0,False,14.1,42.0,historical_mean,5.082390041392163,4.159752213178623e-07,0.23607932875667428,True
cnn_deep,convolutional,10,5,0.005416008293199619,0.00414641252963785,0.005615441751129153,0.527306461588104,9815,13110,31.0,6.0,False,19.7,42.0,historical_mean,1.6718264397455094,0.09475190830343266,0.7486651411136537,True
conv_gru,mixed,10,5,0.005468853212327776,0.004138116007574338,0.0056007390835836075,0.540885745785044,10487,13110,26.0,1.0,False,19.2,42.0,historical_mean,0.5383415571491758,0.5904153136766476,0.7999237223493516,True
multibranch,mixed,10,5,0.005448891995984119,0.004143968769366151,0.005603238082438179,0.5345935626126005,12311,13110,29.0,4.0,False,19.6,42.0,historical_mean,0.8540618512798602,0.39319714698044916,0.9390541571319604,True
buy_and_hold,baseline,10,30,0.012128698362638485,0.009257825968607272,0.012533596577127612,0.49576396546623275,0,13089,,,False,0.0,,historical_mean,13.771768517222577,6.968779227011559e-41,0.0,False
zero_return,baseline,10,30,0.0022480267648974984,0.0017444755857409589,0.002356073745652805,0.0,0,13089,,,False,0.0,,historical_mean,1.823583938268988,0.068399632774427,0.0,False
window_mean,baseline,10,30,0.0044907250933443185,0.003530913434551248,0.004742550184497944,0.49872246577553053,0,13089,,,False,0.0,,historical_mean,12.122329878712035,1.9624895125579093e-32,0.0,False
historical_mean,baseline,10,30,0.002204044935245714,0.0017034055190878526,0.0023211295581298664,0.575401414701057,23,13089,,,False,0.0,,historical_mean,0.0,1.0,0.001757200702880281,False
linear_regression,baseline,10,30,0.0021810783988776765,0.001720686724047884,0.0023580661292527437,0.5471342890185847,5313,13089,,,False,0.0,,historical_mean,2.9049404903964984,0.003723180036068509,0.4059133623653449,True
mlp_small,dense,10,30,0.0021643171931789596,0.0017191681070989485,0.002362561697853368,0.5506306984750275,8151,13089,32.0,7.0,False,8.3,42.0,historical_mean,3.5444361571919956,0.00040465463130498345,0.6227366490946596,True
mlp_deep,dense,10,30,0.002201079645510334,0.001701930452639279,0.0023220585138235003,0.5749710873833409,17623,13089,27.0,11.0,False,9.2,42.0,historical_mean,0.2145359874236466,0.8301561740330577,1.3463977385590955,True
lstm,recurrent,10,30,0.0021802163446388344,0.0017107250320963416,0.0023374366517521982,0.5655576773083026,7927,13089,27.0,2.0,False,15.4,42.0,historical_mean,1.3109048032595998,0.19007618081077102,0.6056230422492169,True
gru,recurrent,10,30,0.0021823914598920638,0.0017114131443870815,0.00233791658722619,0.5681934321293134,6231,13089,28.0,3.0,False,18.4,42.0,historical_mean,1.6334414093774234,0.10257099065758597,0.47604859041943615,True
cnn,convolutional,10,30,0.002146592971771471,0.0017181364090197166,0.0023693285626401684,0.546730857158226,3095,13089,30.0,6.0,False,12.5,42.0,historical_mean,3.5859952685574537,0.0003457851857085144,0.23645809458323783,True
cnn_deep,convolutional,10,30,0.0021643418939568822,0.0017057357594500728,0.002333313570062034,0.564105322611011,9815,13089,31.0,6.0,False,17.8,42.0,historical_mean,1.6901536659442753,0.09119142426401212,0.74986629994652,True
conv_gru,mixed,10,30,0.0021982073122990813,0.0017045980432611567,0.00232075832027517,0.5748904010112692,10487,13089,26.0,1.0,False,17.9,42.0,historical_mean,-0.10106083899721986,0.9195147014843887,0.8012071204828481,True
multibranch,mixed,10,30,0.0021668861964168006,0.0017019996138664102,0.002327229324217461,0.5734111508566203,12311,13089,30.0,5.0,False,20.5,42.0,historical_mean,0.5648485035998635,0.5722552112071358,0.9405607762243104,True
buy_and_hold,baseline,10,90,0.011973706895697182,0.008962956215134649,0.012226012663017575,0.5002833778641406,0,13041,,,False,0.0,,historical_mean,10.62366225422569,1.583770968255266e-25,0.0,False
zero_return,baseline,10,90,0.001338136347816556,0.0009857846066663848,0.0013258779188293499,0.0,0,13041,,,False,0.0,,historical_mean,1.7552684150057947,0.07940357776205853,0.0,False
window_mean,baseline,10,90,0.004065902722084764,0.0030755093498179057,0.004226152224087759,0.49485871589344993,0,13041,,,False,0.0,,historical_mean,10.635371731376463,1.4084557711744992e-25,0.0,False
historical_mean,baseline,10,90,0.0012670237221860253,0.0009245241169260882,0.0012685497178585824,0.6322564974495992,23,13041,,,False,0.0,,historical_mean,0.0,1.0,0.001763668430335097,False
linear_regression,baseline,10,90,0.0012575027518205001,0.0009352249470937625,0.001287385414245681,0.6171430113621029,5313,13041,,,False,0.0,,historical_mean,2.199544452180404,0.027980934937405378,0.4074074074074074,True
mlp_small,dense,10,90,0.0012514956641469027,0.0009415495644924019,0.00129487891427722,0.6154157558092462,8151,13041,31.0,6.0,False,8.3,42.0,historical_mean,2.729750163527556,0.006407275445699923,0.6250287554635381,True
mlp_deep,dense,10,90,0.0012664351543061093,0.0009250836255989031,0.0012701551503116382,0.6310420208889969,17623,13041,26.0,2.0,False,8.8,42.0,historical_mean,0.4890895832485746,0.6248448955101205,1.351353423817192,True
lstm,recurrent,10,90,0.001262246827357364,0.0009332594328084222,0.0012762787578444955,0.6278573934634173,7927,13041,26.0,1.0,False,14.9,42.0,historical_mean,1.1559854867377515,0.24785860325109704,0.6078521585767963,True
gru,recurrent,10,90,0.001260246526438631,0.0009343759463887321,0.0012818694436263843,0.6241060103095566,6231,13041,27.0,2.0,False,17.6,42.0,historical_mean,1.8576509459719595,0.06340105814299575,0.4778007821486082,True
cnn,convolutional,10,90,0.0012432429412936592,0.0009449518559630092,0.001302856666155156,0.6036218389873964,3095,13041,28.0,3.0,False,12.1,42.0,historical_mean,3.5553401000212315,0.00038840319914654247,0.23732842573422283,True
cnn_deep,convolutional,10,90,0.0012552243225873675,0.00092980947971876,0.0012769332596802069,0.6234043127412086,9815,13041,28.0,3.0,False,15.9,42.0,historical_mean,1.1484631661015066,0.2509480121779963,0.7526263323364772,True
conv_gru,mixed,10,90,0.0012631981162573693,0.0009290623776404064,0.0012698154809405002,0.631959625401452,10487,13041,26.0,1.0,False,18.0,42.0,historical_mean,0.21189447919023377,0.832216178074586,0.8041561229967027,True
multibranch,mixed,10,90,0.0012658259720910025,0.0009266761283208012,0.0012695582771030563,0.6301514047445551,12311,13041,26.0,2.0,False,18.3,42.0,historical_mean,0.3380072654776295,0.7354017799533101,0.9440226976458861,True
buy_and_hold,baseline,30,1,0.01671687489201708,0.01307240703665231,0.017856013823655995,0.49623369961392044,0,13097,,,False,0.0,,historical_mean,27.879003767307044,5.510662094622164e-140,0.0,False
zero_return,baseline,30,1,0.011825635826195568,0.009039105366400972,0.012302429703848,0.0,0,13097,,,False,0.0,,historical_mean,2.4044940964217574,0.01630677410396935,0.0,False
window_mean,baseline,30,1,0.01211486724329533,0.009247645261263803,0.012555285582977322,0.5021193876724533,0,13097,,,False,0.0,,historical_mean,7.352078809097642,3.08660062532972e-13,0.0,False
historical_mean,baseline,30,1,0.011849138390156838,0.009023040918233229,0.012289868992601346,0.524150220038338,23,13097,,,False,0.0,,historical_mean,0.0,1.0,0.0017561273574100938,False
linear_regression,baseline,30,1,0.011672983844727773,0.009506749695322426,0.012985776841070728,0.5053052188234024,15893,13097,,,False,0.0,,historical_mean,15.124946959183164,1.9475406889591878e-48,1.213484003970375,True
mlp_small,dense,30,1,0.011495832452097182,0.009290362055059634,0.012693949298659175,0.5026323604848943,22871,13097,30.0,5.0,False,9.0,42.0,historical_mean,12.798918112026442,8.537204334861453e-36,1.7462777735359243,True
mlp_deep,dense,30,1,0.011813528949958964,0.009039433017128588,0.012305943199790828,0.5162396392991171,47063,13097,28.0,7.0,False,11.2,42.0,historical_mean,3.119568456942867,0.00184315971850375,3.5934183400778803,True
lstm,recurrent,30,1,0.011823699866870936,0.009066488775272753,0.012315631678508802,0.5060881773266017,7927,13097,28.0,4.0,False,31.0,42.0,historical_mean,2.8760253947974332,0.004079976228864517,0.6052531113995572,True
gru,recurrent,30,1,0.011810664646928547,0.009076455603616595,0.012347634191584066,0.5068171386916493,6231,13097,30.0,7.0,False,37.1,42.0,historical_mean,5.328223865038299,1.1315399498361958e-07,0.47575780713140414,True
cnn,convolutional,30,1,0.011812356357614002,0.009061431653530353,0.012371802912949809,0.4992305407813386,3095,13097,42.0,18.0,False,22.0,42.0,historical_mean,5.55012588893214,3.3308238165114593e-08,0.2363136596167061,True
cnn_deep,convolutional,30,1,0.011818003607260237,0.009025266697109291,0.012291334979210835,0.5176705634601366,9815,13097,34.0,10.0,False,23.5,42.0,historical_mean,0.08354375677159964,0.9334295333307959,0.7494082614339161,True
conv_gru,mixed,30,1,0.01182770409506677,0.009036779220974603,0.012300022228181193,0.5123248467831205,10487,13097,26.0,1.0,False,27.6,42.0,historical_mean,2.1801915522377078,0.029387132213180164,0.8007177216156371,True
multibranch,mixed,30,1,0.011838164078346203,0.009042094425388647,0.012303330206127137,0.5119468668160587,19671,13097,26.0,1.0,False,30.4,42.0,historical_mean,3.283747016424977,0.0010462613967870675,1.5019470107658242,True
buy_and_hold,baseline,30,5,0.013258657394332733,0.010119753203446128,0.013717573547282497,0.4979134695635786,0,13094,,,False,0.0,,historical_mean,27.05779971617801,2.6796440694143145e-133,0.0,False
zero_return,baseline,30,5,0.005481769626267644,0.004168135783398276,0.005623633598570925,0.0,0,13094,,,False,0.0,,historical_mean,2.3218077049186223,0.02036706861362839,0.0,False
window_mean,baseline,30,5,0.005964480440096274,0.004578903952127566,0.006180800714934702,0.4983442371375495,0,13094,,,False,0.0,,historical_mean,9.583306342189605,3.3970514019337814e-21,0.0,False
historical_mean,baseline,30,5,0.005472894708487565,0.004138705212915281,0.005602618796626066,0.5417709931884878,23,13094,,,False,0.0,,historical_mean,0.0,1.0,0.0017565297082633266,False
linear_regression,baseline,30,5,0.005336304938465786,0.004320573787075506,0.005899812800630626,0.5132057184395444,15893,13094,,,False,0.0,,historical_mean,10.63567631293838,1.3945637484964771e-25,1.2137620284099588,True
mlp_small,dense,30,5,0.005270268250849642,0.004259820472235603,0.005812531714167999,0.5077672778181622,22871,13094,30.0,5.0,False,8.5,42.0,historical_mean,11.039587524248201,2.277008222164136e-27,1.7466778677256758,True
mlp_deep,dense,30,5,0.005465311047705855,0.004142693198410984,0.0056038280664343475,0.5402633066795897,47063,13094,27.0,2.0,False,10.5,42.0,historical_mean,0.7022422627266881,0.4826292259480123,3.5942416373911716,True
lstm,recurrent,30,5,0.005444871731252518,0.004166570612570334,0.005628141340537034,0.5209056888242738,7927,13094,27.0,2.0,False,29.1,42.0,historical_mean,2.526966745902192,0.011599974926292332,0.6053917824957996,True
gru,recurrent,30,5,0.0054426384085764735,0.0041690213873408445,0.005632811754673988,0.5228172199337695,6231,13094,28.0,3.0,False,36.3,42.0,historical_mean,3.2544777692713405,0.0011594931401607007,0.4758668092255995,True
cnn,convolutional,30,5,0.005417199369425729,0.004170911575924657,0.005664752070445967,0.5154941711762647,3095,13094,31.0,6.0,False,16.5,42.0,historical_mean,3.7976379007964733,0.00015148650677700525,0.23636780204673896,True
cnn_deep,convolutional,30,5,0.005386099202773372,0.0041423948732029325,0.005617034678446384,0.5291441186764666,9815,13094,32.0,7.0,False,22.1,42.0,historical_mean,0.9680598762942306,0.33315932380852376,0.7495799602871545,True
conv_gru,mixed,30,5,0.005469181557693892,0.004143097771920133,0.005605202387329103,0.5386748512505721,10487,13094,26.0,1.0,False,28.2,42.0,historical_mean,1.8255273715497689,0.06810596555609234,0.8009011761111959,True
multibranch,mixed,30,5,0.005468892803900536,0.004147384670680392,0.005606371680825232,0.5366556282475836,19671,13094,26.0,2.0,False,30.9,42.0,historical_mean,1.9034192220654116,0.05716338331755871,1.5022911257064304,True
buy_and_hold,baseline,30,30,0.012130847597879593,0.009263850583765002,0.012538157562111478,0.49554328800323144,0,13073,,,False,0.0,,historical_mean,13.760609832276657,8.049710677865384e-41,0.0,False
zero_return,baseline,30,30,0.0022487226361911383,0.0017451286626527394,0.002356609954532848,0.0,0,13073,,,False,0.0,,historical_mean,1.811924570345914,0.07018362916500867,0.0,False
window_mean,baseline,30,30,0.0031759646709835303,0.002522902122269747,0.003497616593196726,0.4866567927830887,0,13073,,,False,0.0,,historical_mean,9.12630508496573,2.053870015254599e-19,0.0,False
historical_mean,baseline,30,30,0.002204738406381826,0.0017035499041462212,0.0023218720369683997,0.5751985997037835,23,13073,,,False,0.0,,historical_mean,0.0,1.0,0.0017593513348122083,False
linear_regression,baseline,30,30,0.002147738732570632,0.0017416859246223168,0.0024365273277268604,0.5412414164534806,15893,13073,,,False,0.0,,historical_mean,4.181364104730053,3.053208326700025e-05,1.215711772355236,True
mlp_small,dense,30,30,0.0021019948886182665,0.0017346166367024417,0.0024113008123719543,0.539464117409452,22871,13073,31.0,6.0,False,8.7,42.0,historical_mean,4.196375354288848,2.859847699679891e-05,1.7494836686300008,True
mlp_deep,dense,30,30,0.00216446433011628,0.001702486036218266,0.002329227675831317,0.5726403662313182,47063,13073,33.0,8.0,False,12.9,42.0,historical_mean,1.1337011163153259,0.25708830468906574,3.6000152987072593,True
lstm,recurrent,30,30,0.0021963575463819335,0.0017155089916381686,0.002341026604587764,0.5617342130065975,7927,13073,26.0,1.0,False,27.3,42.0,historical_mean,2.2592719716610676,0.023999376728829323,0.6063642622198424,True
gru,recurrent,30,30,0.0021794112604823267,0.0017117440564878143,0.0023453190827522367,0.5637538710111755,6231,13073,28.0,3.0,False,34.4,42.0,historical_mean,2.2105612044029783,0.027206045195524695,0.4766312246615161,True
cnn,convolutional,30,30,0.0021027990210253965,0.0017034842146842137,0.0023544419115862003,0.5501279116736233,3095,13073,29.0,4.0,False,15.6,42.0,historical_mean,2.294320347481471,0.021899988571814834,0.2367474948366863,True
cnn_deep,convolutional,30,30,0.002076748422652905,0.0017127444155266736,0.0023529242733581275,0.5444190117140164,9815,13073,28.0,3.0,False,19.8,42.0,historical_mean,1.7074841870258195,0.08792441228209144,0.7507840587470359,True
conv_gru,mixed,30,30,0.0021661967871692838,0.0017030490354573154,0.002328451190051418,0.5690857681432611,10487,13073,27.0,2.0,False,28.8,42.0,historical_mean,0.558743846403954,0.5764140595445568,0.8021877151380709,True
multibranch,mixed,30,30,0.002200605415695724,0.0017055684332013894,0.002322244220282834,0.5713477851083884,19671,13073,26.0,2.0,False,30.6,42.0,historical_mean,0.1496640645210465,0.8810483600567435,1.5047043524822152,True
buy_and_hold,baseline,30,90,0.011975899061886166,0.008967141417825186,0.012227569642319362,0.5004728835085254,0,13024,,,False,0.0,,historical_mean,10.610610486333108,1.8088995400518418e-25,0.0,False
zero_return,baseline,30,90,0.001336354155571132,0.0009858519721537514,0.001326474434489772,0.0,0,13024,,,False,0.0,,historical_mean,1.7333712860296895,0.08322139117541807,0.0,False
window_mean,baseline,30,90,0.0025523128041222043,0.0019445634162587263,0.002720168040306611,0.4957440484232713,0,13024,,,False,0.0,,historical_mean,7.958607686382909,3.2570154286365914e-15,0.0,False
historical_mean,baseline,30,90,0.0012643090997388722,0.0009243902155148441,0.0012691868317334458,0.6320966303672279,23,13024,,,False,0.0,,historical_mean,0.0,1.0,0.001765970515970516,False
linear_regression,baseline,30,90,0.001234656623325004,0.0009620279642149874,0.0013569205361251679,0.5853487178101441,15893,13024,,,False,0.0,,historical_mean,2.8393186752584105,0.004577852937959117,1.2202856265356266,True
mlp_small,dense,30,90,0.0012163081655577415,0.0009558727005107765,0.0013307711427402453,0.5960764179749777,22871,13024,30.0,5.0,False,9.0,42.0,historical_mean,3.0222654330098013,0.0025485414852727435,1.7560657248157248,True
mlp_deep,dense,30,90,0.001259861148501199,0.0009254011184337154,0.0012690415104476306,0.6315021482422244,47063,13024,27.0,2.0,False,10.0,42.0,historical_mean,-0.028786384788715706,0.977038531874774,3.6135595823095823,True
lstm,recurrent,30,90,0.0012570287226965685,0.000934007655062803,0.0012788379996923121,0.6285567595319804,7927,13024,26.0,1.0,False,26.2,42.0,historical_mean,1.1451493704547324,0.2523176963220782,0.6086455773955773,True
gru,recurrent,30,90,0.0012570379293760526,0.0009348744279322354,0.001281684341042564,0.6254492393330991,6231,13024,27.0,2.0,False,32.0,42.0,historical_mean,1.616071598433702,0.10627499458390495,0.47842444717444715,True
cnn,convolutional,30,90,0.0012444322600082193,0.000939973092041258,0.0012900765184654037,0.6169913800091874,3095,13024,26.0,1.0,False,13.7,42.0,historical_mean,2.1122885456041693,0.03481553378028348,0.23763820638820637,True
cnn_deep,convolutional,30,90,0.0012667677426533032,0.0009608084460068707,0.0013365224112406,0.6053449347420758,9815,13024,26.0,1.0,False,17.5,42.0,historical_mean,2.279021889713816,0.02279632914625501,0.7536087223587223,True
conv_gru,mixed,30,90,0.001259162145301173,0.0009317341943726377,0.0012731548137713952,0.6316102359013159,10487,13024,26.0,1.0,False,26.8,42.0,historical_mean,0.5632387407434585,0.5733508528978148,0.805205773955774,True
multibranch,mixed,30,90,0.0012604394564630812,0.0009264484863708756,0.0012699543200220436,0.6298808333558515,19671,13024,26.0,1.0,False,29.7,42.0,historical_mean,0.2089437474781114,0.8345186169197556,1.510365479115479,True
buy_and_hold,baseline,90,1,0.016727981216117214,0.013087858313254382,0.017879490118094577,0.4966126497208823,0,13049,,,False,0.0,,historical_mean,27.803374972731444,2.8072790860781234e-139,0.0,False
zero_return,baseline,90,1,0.011831820646890633,0.009046864855541995,0.012321631550959113,0.0,0,13049,,,False,0.0,,historical_mean,2.35194330354489,0.018795509042128965,0.0,False
window_mean,baseline,90,1,0.011950446519927589,0.009092180325642575,0.012386751524729463,0.5076147634274565,0,13049,,,False,0.0,,historical_mean,4.419875244849272,1.0535928657194368e-05,0.0,False
historical_mean,baseline,90,1,0.011855538855851194,0.009030459791710747,0.012309021891961135,0.5240908351850848,23,13049,,,False,0.0,,historical_mean,0.0,1.0,0.001762587171430761,False
linear_regression,baseline,90,1,0.011187286931467833,0.010387445182009482,0.014160223980724187,0.5046880927862989,47633,13049,,,False,0.0,,historical_mean,27.91727671619441,3.2902354429599412e-140,3.650318032033106,True
mlp_small,dense,90,1,0.010935116719103199,0.009672921734344725,0.013220557422731437,0.5060972305024118,67031,13049,29.0,4.0,False,10.5,42.0,historical_mean,18.37571834727161,1.2977319403821735e-68,5.136868725572841,True
mlp_deep,dense,90,1,0.011763113996553888,0.009051148183242985,0.012329640576459388,0.507425071811826,135383,13049,28.0,5.0,False,11.7,42.0,historical_mean,3.5979132596685357,0.00033048099085481293,10.374971262165683,True
lstm,recurrent,90,1,0.011815270961739573,0.009075870764671928,0.012334020770127902,0.509240691561433,7927,13049,29.0,4.0,False,69.5,42.0,historical_mean,2.629312599828812,0.008637224620642807,0.607479500344854,True
gru,recurrent,90,1,0.011798564920829159,0.009089254321830914,0.012365377537053841,0.5072624789984282,6231,13049,32.0,7.0,False,101.9,42.0,historical_mean,4.786535964974859,1.852366761600575e-06,0.4775078550080466,True
cnn,convolutional,90,1,0.011828310502856305,0.009064996036174637,0.012358202555764369,0.5053384640398895,3095,13049,40.0,19.0,False,26.1,42.0,historical_mean,6.0568065746423825,1.7249804709658829e-09,0.23718292589470458,True
cnn_deep,convolutional,90,1,0.011832382611508829,0.009032683011740374,0.012314180858048302,0.5134681047097718,9815,13049,36.0,15.0,False,32.6,42.0,historical_mean,0.9803240163237169,0.32707348777132295,0.752164916851866,True
conv_gru,mixed,90,1,0.011781421214191075,0.009042517462960345,0.012327908787836827,0.5061243293046447,10487,13049,35.0,10.0,False,71.0,42.0,historical_mean,1.097998399176853,0.27236936776533954,0.8036631159475822,True
multibranch,mixed,90,1,0.01182607263798717,0.009048299922411528,0.012329157315927064,0.5150398352392824,41751,13049,26.0,1.0,False,73.3,42.0,historical_mean,4.355630835441035,1.4105838147377231e-05,3.1995555214959,True
buy_and_hold,baseline,90,5,0.013265458023535608,0.01013512925822059,0.013733959847369375,0.4979462789817867,0,13045,,,False,0.0,,historical_mean,26.98085030638152,1.3529238553240577e-132,0.0,False
zero_return,baseline,90,5,0.005485082440533055,0.004169568744252378,0.0056343611378703974,0.0,0,13045,,,False,0.0,,historical_mean,2.2222782670011565,0.026403006806453255,0.0,False
window_mean,baseline,90,5,0.005635000200880497,0.004278217203450127,0.005818770747271068,0.5013511322488245,0,13045,,,False,0.0,,historical_mean,6.998006249425867,3.796030695009375e-12,0.0,False
historical_mean,baseline,90,5,0.00547561284295176,0.00413915493992749,0.005613737908531576,0.5409663297843593,23,13045,,,False,0.0,,historical_mean,0.0,1.0,0.0017631276351092373,False
linear_regression,baseline,90,5,0.005098228817404736,0.004680857948499908,0.006380940652844438,0.5134032319083391,47633,13045,,,False,0.0,,historical_mean,17.59931229703527,1.5088581892077517e-63,3.6514373323112306,True
mlp_small,dense,90,5,0.005005362627501436,0.004423733117555164,0.005984984680898905,0.5158352699562233,67031,13045,29.0,4.0,False,10.0,42.0,historical_mean,13.030626600038092,5.6587173965891e-37,5.138443848217708,True
mlp_deep,dense,90,5,0.005447950053442399,0.004144607700651566,0.005620606272202611,0.5352105064043668,135383,13045,27.0,4.0,False,11.3,42.0,historical_mean,2.9304941948683654,0.0034319270215755326,10.378152548869298,True
lstm,recurrent,90,5,0.005447669030312998,0.004161237682008041,0.005634487853027466,0.5245635842836297,7927,13045,27.0,2.0,False,64.4,42.0,historical_mean,2.0039657675702154,0.04524098478175943,0.6076657723265619,True
gru,recurrent,90,5,0.005445791026670143,0.004165390146385459,0.00564343377011596,0.5254283089228774,6231,13045,28.0,4.0,False,90.2,42.0,historical_mean,3.1743352291926326,0.0015302050842978582,0.47765427366807206,True
cnn,convolutional,90,5,0.0054482242570995714,0.00415702203163609,0.005649429305157109,0.5189158514835432,3095,13045,29.0,4.0,False,18.0,42.0,historical_mean,4.678482310060862,3.131907264932131e-06,0.23725565350709085,True
cnn_deep,convolutional,90,5,0.005438835743578525,0.004143529563050888,0.005627155908425583,0.5284007998702913,9815,13045,32.0,7.0,False,28.9,42.0,historical_mean,2.1666961392645767,0.030404301177354622,0.7523955538520506,True
conv_gru,mixed,90,5,0.005471623819804117,0.004140932011614912,0.005613700342739707,0.5396151975355348,10487,13045,26.0,1.0,False,54.0,42.0,historical_mean,-0.02172118574059438,0.9826730555559178,0.8039095438865466,True
multibranch,mixed,90,5,0.0054600895480189085,0.004145140100190236,0.005619178855013973,0.5325082419067179,41751,13045,26.0,1.0,False,71.2,42.0,historical_mean,2.9466112647935834,0.0032589625748720135,3.2005366040628593,True
buy_and_hold,baseline,90,30,0.012141921281227843,0.009259194506419833,0.012534278461762045,0.49595913182149903,0,13024,,,False,0.0,,historical_mean,13.694239012929412,1.8606182792471888e-40,0.0,False
zero_return,baseline,90,30,0.0022428016849950615,0.0017452245147723043,0.002359020748281937,0.0,0,13024,,,False,0.0,,historical_mean,1.722323345087534,0.08520325100460142,0.0,False
window_mean,baseline,90,30,0.002544269985005173,0.0019566455691045997,0.0027610754617487473,0.49125604778765847,0,13024,,,False,0.0,,historical_mean,6.652257555950353,3.944840352265822e-11,0.0,False
historical_mean,baseline,90,30,0.002196343386527248,0.0017041405380388414,0.0023245286517013693,0.5746682163418656,23,13024,,,False,0.0,,historical_mean,0.0,1.0,0.001765970515970516,False
linear_regression,baseline,90,30,0.0020263111734666866,0.001878968136305197,0.002630933293934843,0.5290428953698949,47633,13024,,,False,0.0,,historical_mean,8.255995381052738,3.1046146397986386e-16,3.6573249385749387,True
mlp_small,dense,90,30,0.0020613506874049272,0.0017953928666765153,0.002472112218985932,0.5338540962780766,67031,13024,28.0,3.0,False,10.2,42.0,historical_mean,6.587512490264008,6.042157014968192e-11,5.146729115479116,True
mlp_deep,dense,90,30,0.0021892245488434716,0.0017052106894563054,0.0023306608538052756,0.5695596940292457,135383,13024,26.0,2.0,False,11.0,42.0,historical_mean,2.016947248492561,0.04386693880597567,10.394886363636363,True
lstm,recurrent,90,30,0.0021873486243978,0.0017176018778283701,0.0023442922955886486,0.5630726815687759,7927,13024,26.0,1.0,False,63.8,42.0,historical_mean,2.254408258930672,0.024304593372751485,0.6086455773955773,True
gru,recurrent,90,30,0.0021677185245378566,0.0017135782767472743,0.002350612984026916,0.5657485742087196,6231,13024,28.0,3.0,False,89.5,42.0,historical_mean,2.085914201936205,0.03714368560099642,0.47842444717444715,True
cnn,convolutional,90,30,0.0021553392142058467,0.0017125651437458766,0.0023341160900541284,0.5642889964051139,3095,13024,27.0,3.0,False,18.1,42.0,historical_mean,1.057513536922505,0.29043612041242095,0.23763820638820637,True
cnn_deep,convolutional,90,30,0.0021079383343112165,0.0017284969698817512,0.0023554675010919713,0.5569370489499148,9815,13024,28.0,3.0,False,26.1,42.0,historical_mean,2.315850025163948,0.0206917124402262,0.7536087223587223,True
conv_gru,mixed,90,30,0.0021878588632353556,0.0017062368215035608,0.002324699380873699,0.5732626969754304,10487,13024,26.0,1.0,False,54.6,42.0,historical_mean,0.03635932571396686,0.9710003590698502,0.805205773955774,True
multibranch,mixed,90,30,0.002186708003693382,0.001705435430700548,0.0023257937774139874,0.5713436224558748,41751,13024,26.0,1.0,False,71.5,42.0,historical_mean,0.4903606463391201,0.6239456204653426,3.2056971744471743,True
buy_and_hold,baseline,90,90,0.011982550155215748,0.009009537340322086,0.012218467624194203,0.5004475304456318,0,12976,,,False,0.0,,historical_mean,10.551228216620537,3.293689424802891e-25,0.0,False
zero_return,baseline,90,90,0.001331266911020653,0.0009870894904100657,0.0013277690792268023,0.0,0,12976,,,False,0.0,,historical_mean,1.660455271475969,0.09701859322135138,0.0,False
window_mean,baseline,90,90,0.0017840367417594825,0.0012758876951301425,0.0018239680296117953,0.5173451951503973,0,12976,,,False,0.0,,historical_mean,5.314522854561103,1.2198577955945106e-07,0.0,False
historical_mean,baseline,90,90,0.0012563101039390807,0.0009248889854202145,0.001270971561578004,0.6313162819713038,23,12976,,,False,0.0,,historical_mean,0.0,1.0,0.0017725030826140568,False
linear_regression,baseline,90,90,0.0011570196791652952,0.0010778000895947909,0.0015224963562346934,0.5497572486370663,47633,12976,,,False,0.0,,historical_mean,5.493920395574787,4.5655183924326606e-08,3.6708538840937113,True
mlp_small,dense,90,90,0.0011760723021431287,0.0009872261502012827,0.0013742072318652225,0.5787517969025469,67031,12976,28.0,3.0,False,10.5,42.0,historical_mean,4.927284796341809,9.200827784883962e-07,5.165767570900123,True
mlp_deep,dense,90,90,0.0012512116625938623,0.0009260054527550687,0.0012737888939374552,0.6296888985326426,135383,12976,26.0,1.0,False,11.1,42.0,historical_mean,0.9282694284059277,0.3534076647683714,10.433338471023427,True
lstm,recurrent,90,90,0.0012488600010682478,0.0009345752395435656,0.001282102049670884,0.6271935772600288,7927,12976,26.0,1.0,False,67.0,42.0,historical_mean,1.3208145243702651,0.18675185649022047,0.6108970406905055,True
gru,recurrent,90,90,0.0012490966776042315,0.0009366352781749363,0.0012857849451384513,0.6237760720388402,6231,12976,27.0,2.0,False,89.0,42.0,historical_mean,2.0324570001045865,0.04227206639907726,0.4801942046855734,True
cnn,convolutional,90,90,0.0011932860250164462,0.000934066023506593,0.0012846544656183445,0.6237218259242182,3095,12976,27.0,2.0,False,17.2,42.0,historical_mean,1.3775805397073926,0.16852524755896103,0.23851726263871764,True
cnn_deep,convolutional,90,90,0.0012459094602525864,0.0009503656685376751,0.0013417790131045797,0.5974667064471507,9815,12976,26.0,1.0,False,23.8,42.0,historical_mean,2.2756424853177455,0.02299895860605168,0.7563964241676943,True
conv_gru,mixed,90,90,0.0012503473992000742,0.0009287255241586026,0.0012724386156288227,0.6312077897420597,10487,12976,26.0,1.0,False,54.3,42.0,historical_mean,0.27871774062956706,0.7804974191073943,0.8081843403205918,True
multibranch,mixed,90,90,0.0012468861734155246,0.0009275060036767943,0.0012730955030671454,0.6291193143291112,41751,12976,26.0,1.0,False,73.4,42.0,historical_mean,0.6047672355898658,0.5454193128638258,3.217555487053021,True
